<Ui xmlns="http://www.blizzard.com/wow/ui/" xmlns:xsi="http://www.w3.org/2001/XMLSchema-instance" xsi:schemaLocation="http://www.blizzard.com/wow/ui/../FrameXML/UI.xsd">
	<Button name="oUF_FreebMtargets" inherits="SecureUnitButtonTemplate" hidden="true" virtual="true">
		<Frames>
			<Button name="$parentTarget" inherits="SecureUnitButtonTemplate">
				<Anchors>
					<Anchor point="TOPLEFT" relativePoint="TOPRIGHT" relativeTo="$parent">
						<Offset>
							<AbsDimension x="5" y="0"/>
						</Offset>
					</Anchor>
				</Anchors>
				<Attributes>
					<Attribute name="unitsuffix" type="string" value="target"/>
					<Attribute name="useparent-unit" type="boolean" value="true"/>
					<Attribute name="type1" type="string" value="target"/>
					<Attribute name="initial-unitWatch" type="boolean" value="true"/>
				</Attributes>
			</Button>
		</Frames>
	</Button>
</Ui>

